<?xml version='1.0' encoding='UTF-8'?>
<level width="20" height="15" tilewidth="48" tileheight="48">
	<declarations>
		<given id="i579" width="48" height="48" image="0b.png" value="0" />
		<digit id="i580" width="48" height="48" image="0r.png" value="0" />
		<given id="i581" width="48" height="48" image="1b.png" value="1" />
		<digit id="i582" width="48" height="48" image="1r.png" value="1" />
		<given id="i583" width="48" height="48" image="2b.png" value="2" />
		<digit id="i584" width="48" height="48" image="2r.png" value="2" />
		<given id="i585" width="48" height="48" image="3b.png" value="3" />
		<given id="i586" width="48" height="48" image="4b.png" value="4" />
		<digit id="i587" width="48" height="48" image="4r.png" value="4" />
		<given id="i588" width="48" height="48" image="5b.png" value="5" />
		<digit id="i589" width="48" height="48" image="5r.png" value="5" />
		<given id="i590" width="48" height="48" image="6b.png" value="6" />
		<digit id="i591" width="48" height="48" image="6r.png" value="6" />
		<given id="i592" width="48" height="48" image="7b.png" value="7" />
		<digit id="i593" width="48" height="48" image="7r.png" value="7" />
		<given id="i594" width="48" height="48" image="8b.png" value="8" />
		<digit id="i595" width="48" height="48" image="8r.png" value="8" />
		<digit id="i598" width="48" height="48" image="3r.png" value="3" />
		<sparty id="i599" width="96" height="96" front="2" head-pivot-angle="0.8" head-pivot-x="30" head-pivot-y="86" image1="sparty-1.png" image2="sparty-2.png" mouth-pivot-angle="1" mouth-pivot-x="39" mouth-pivot-y="86" target-x="72" target-y="24" />
		<background id="i600" width="960" height="720" image="background.png" />
		<xray id="i601" width="144" height="144" image="xray.png" capacity="7" />
	</declarations>
	<game col="4" row="3">7 3 1 4 6 5 8 0 2 2 6 5 0 7 8 1 3 4 8 4 0 3 2 1 7 5 6 3 0 2 1 4 7 5 6 8 4 1 8 6 5 3 0 2 7 5 7 6 8 0 2 3 4 1 1 5 7 2 3 4 6 8 0 0 8 4 5 1 6 2 7 3 6 2 3 7 8 0 4 1 5</game>
	<items>
		<background id="i600" col="0.0" row="14.0" />
		<xray id="i601" col="0.6042" row="14.0" />
		<given id="i592" col="4" row="3" />
		<given id="i586" col="7" row="3" />
		<given id="i588" col="9" row="3" />
		<given id="i583" col="12" row="3" />
		<given id="i590" col="5" row="4" />
		<given id="i585" col="11" row="4" />
		<given id="i585" col="7" row="5" />
		<given id="i583" col="8" row="5" />
		<given id="i581" col="9" row="5" />
		<given id="i585" col="4" row="6" />
		<given id="i583" col="6" row="6" />
		<given id="i588" col="10" row="6" />
		<given id="i594" col="12" row="6" />
		<given id="i594" col="6" row="7" />
		<given id="i579" col="10" row="7" />
		<given id="i588" col="4" row="8" />
		<given id="i590" col="6" row="8" />
		<given id="i585" col="10" row="8" />
		<given id="i581" col="12" row="8" />
		<given id="i583" col="7" row="9" />
		<given id="i585" col="8" row="9" />
		<given id="i586" col="9" row="9" />
		<given id="i594" col="5" row="10" />
		<given id="i592" col="11" row="10" />
		<given id="i590" col="4" row="11" />
		<given id="i592" col="7" row="11" />
		<given id="i579" col="9" row="11" />
		<given id="i588" col="12" row="11" />
		<digit id="i580" col="5.8125" row="0.5" />
		<digit id="i580" col="5.6458" row="13.9375" />
		<digit id="i580" col="14.8333" row="0.8333" />
		<digit id="i580" col="13.5" row="9.7292" />
		<digit id="i580" col="15.0417" row="8.2917" />
		<digit id="i580" col="8.75" row="1.3333" />
		<digit id="i580" col="18.125" row="8.4792" />
		<digit id="i582" col="13.25" row="2.9583" />
		<digit id="i582" col="7.6458" row="13.5208" />
		<digit id="i582" col="14.7917" row="3.0" />
		<digit id="i582" col="17.125" row="13.6875" />
		<digit id="i582" col="8.0833" row="0.4375" />
		<digit id="i582" col="14.125" row="10.7917" />
		<digit id="i582" col="18.5208" row="3.0" />
		<digit id="i584" col="13.8333" row="4.9792" />
		<digit id="i584" col="15.1875" row="10.5833" />
		<digit id="i584" col="16.6875" row="11.9375" />
		<digit id="i584" col="17.3125" row="4.8958" />
		<digit id="i584" col="18.3333" row="4.9167" />
		<digit id="i598" col="14.6667" row="6.3333" />
		<digit id="i598" col="9.875" row="0.8958" />
		<digit id="i598" col="11.2083" row="1.5208" />
		<digit id="i598" col="6.6458" row="12.1875" />
		<digit id="i587" col="13.5208" row="8.1875" />
		<digit id="i587" col="16.0833" row="0.8542" />
		<digit id="i587" col="4.625" row="12.3333" />
		<digit id="i587" col="17.0625" row="2.0417" />
		<digit id="i587" col="9.0208" row="0.1875" />
		<digit id="i587" col="14.2292" row="3.8958" />
		<digit id="i587" col="16.4583" row="9.2292" />
		<digit id="i589" col="18.3542" row="1.4792" />
		<digit id="i589" col="18.1042" row="5.9167" />
		<digit id="i589" col="8.8125" row="13.4583" />
		<digit id="i589" col="6.8333" row="1.4375" />
		<digit id="i589" col="18.7708" row="10.8542" />
		<digit id="i591" col="15.4375" row="4.7708" />
		<digit id="i591" col="16.1042" row="12.7708" />
		<digit id="i591" col="15.6458" row="11.4583" />
		<digit id="i591" col="7.9375" row="12.2917" />
		<digit id="i591" col="17.8125" row="12.2917" />
		<digit id="i591" col="18.8542" row="12.3542" />
		<digit id="i593" col="13.3958" row="6.2708" />
		<digit id="i593" col="16.625" row="7.7292" />
		<digit id="i593" col="13.4375" row="1.4167" />
		<digit id="i593" col="4.8333" row="1.4583" />
		<digit id="i593" col="18.5833" row="13.6667" />
		<digit id="i593" col="16.3958" row="3.4583" />
		<digit id="i595" col="12.1042" row="0.3958" />
		<digit id="i595" col="17.875" row="7.2292" />
		<digit id="i595" col="9.1875" row="12.3542" />
		<digit id="i595" col="6.3125" row="13.3333" />
		<digit id="i595" col="16.6875" row="6.0417" />
		<digit id="i595" col="17.625" row="10.6042" />
		<sparty id="i599" col="1.4167" row="10.8333" />
	</items>
</level>